old_url,new_url
,
http://skydivebayofislands.com,https://www.skydivebayofislands.com
http://skydivebayofislands.com/cancelation-policy/,https://www.skydivebayofislands.com/skydive
http://skydivebayofislands.com/jump-with-us/tandem/,https://www.skydivebayofislands.com/terms-conditions
http://skydivebayofislands.com/about-us/cancelation-policy/,https://www.skydivebayofislands.com/terms-conditions
http://skydivebayofislands.com/about-us/hours-of-operation/,https://www.skydivebayofislands.com/skydive/faqs
http://skydivebayofislands.com/faq/,https://www.skydivebayofislands.com/skydive/faqs
http://skydivebayofislands.com/jump-with-us/learn-to-skydive/,https://www.skydivebayofislands.com/skydive/learn-to-sky-dive
http://skydivebayofislands.com/jump-with-us/sport-skydiving/,https://www.skydivebayofislands.com/skydive/sports-skydiving
http://skydivebayofislands.com/prices/,https://www.skydivebayofislands.com/prices
http://skydivebayofislands.com/photos/,https://www.skydivebayofislands.com/about/our-gallery
http://skydivebayofislands.com/jump-with-us/,https://www.skydivebayofislands.com/skydive
http://skydivebayofislands.com/why-choose-us/,https://www.skydivebayofislands.com/skydive
http://skydivebayofislands.com/photos/handy-cam/,https://www.skydivebayofislands.com/skydive/photo-video-packages
http://skydivebayofislands.com/why-choose-us/testimonials/,https://www.skydivebayofislands.com/reviews
http://skydivebayofislands.com/photos/video-gallery/,https://www.skydivebayofislands.com/about/our-gallery
http://skydivebayofislands.com/about-us/careers/,https://www.skydivebayofislands.com/about
http://skydivebayofislands.com/news/,https://www.skydivebayofislands.com/about/blog
http://skydivebayofislands.com/category/news,https://www.skydivebayofislands.com/about/blog
http://skydivebayofislands.com/why-choose-us/skydive-bay-of-islands/,https://www.skydivebayofislands.com
http://skydivebayofislands.com/photos/photo-gallery/,https://www.skydivebayofislands.com/about/our-gallery
http://skydivebayofislands.com/events/gift-vouchers/,https://www.skydivebayofislands.com
http://skydivebayofislands.com/category/news/,https://www.skydivebayofislands.com/about/blog
http://skydivebayofislands.com/events/extend-gift-vouchers/,https://www.skydivebayofislands.com
http://skydivebayofislands.com/about-us/privacy-policy/,https://www.skydivebayofislands.com/privacy-policy
http://skydivebayofislands.com/events/gift-vouchers-terms-and-conditions/,https://www.skydivebayofislands.com/terms-conditions
http://skydivebayofislands.com/events/specials/,https://www.skydivebayofislands.com/combos-and-deals
http://skydivebayofislands.com/make-a-booking/gift-vouchers/,https://www.skydivebayofislands.com
http://skydivebayofislands.com/why-choose-us/what-you-need-to-know/,https://www.skydivebayofislands.com/skydive/faqs
http://skydivebayofislands.com/ian-williams-90-skydives-to-prove-age-is-just-a-number/,https://www.skydivebayofislands.com
http://skydivebayofislands.com/events/,https://www.skydivebayofislands.com
http://skydivebayofislands.com/about-us/contact/,https://www.skydivebayofislands.com/contact
http://skydivebayofislands.com/photos/beach-landings/,https://www.skydivebayofislands.com/about/our-gallery
http://skydivebayofislands.com/about-us/location/,https://www.skydivebayofislands.com/about/our-location
http://skydivebayofislands.com/about-us/our-team/,https://www.skydivebayofislands.com/about
http://skydivebayofislands.com/links/,https://www.skydivebayofislands.com
http://skydivebayofislands.com/sitemap/,https://www.skydivebayofislands.com
http://skydivebayofislands.com/photos/beach-landings/nggallery/slideshow,https://www.skydivebayofislands.com/about/our-gallery
http://skydivebayofislands.com/photos/beach-landings/nggallery/thumbnails,https://www.skydivebayofislands.com/about/our-gallery
http://skydivebayofislands.com/prices-temp/,https://www.skydivebayofislands.com/prices
http://skydivebayofislands.com/news/win-a-weekend/,https://www.skydivebayofislands.com
http://www.skydivebayofislands.com/cn,https://www.skydivebayofislands.com/chinese-page
http://skydivebayofislands.com/hamish/,https://www.skydivebayofislands.com
http://www.skydivebayofislands.com/cn/,https://www.skydivebayofislands.com/chinese-page
http://skydivebayofislands.com/about-us/,https://www.skydivebayofislands.com/about
http://skydivebayofislands.com/photos/photo-gallery/nggallery/slideshow,https://www.skydivebayofislands.com/about/our-gallery
http://skydivebayofislands.com/photos/photo-gallery/nggallery/page/2,https://www.skydivebayofislands.com/about/our-gallery
http://skydivebayofislands.com/photos/photo-gallery/nggallery/thumbnails,https://www.skydivebayofislands.com/about/our-gallery
http://skydivebayofislands.com/photos/photo-gallery/nggallery/page/2/slideshow,https://www.skydivebayofislands.com/about/our-gallery
http://skydivebayofislands.com/photos/photo-gallery/nggallery/page/2/thumbnails,https://www.skydivebayofislands.com/about/our-gallery
http://skydivebayofislands.com/photos/photo-gallery/nggallery/thumbnails/page/2,https://www.skydivebayofislands.com/about/our-gallery
http://skydivebayofislands.com/photos/photo-gallery/nggallery/page/1,https://www.skydivebayofislands.com/about/our-gallery
http://skydivebayofislands.com/photos/photo-gallery/nggallery/thumbnails/page/1,https://www.skydivebayofislands.com/about/our-gallery
http://skydivebayofislands.com/photos/photo-gallery/nggallery/page/1/slideshow,https://www.skydivebayofislands.com/about/our-gallery
http://skydivebayofislands.com/photos/photo-gallery/nggallery/page/1/thumbnails,https://www.skydivebayofislands.com/about/our-gallery
